{"pretrain_valid_loss":-2733.653369232588,"pretrain_valid_recons":2868.966511569729}