{"pretrain_valid_loss":-2730.188967603782,"pretrain_valid_recons":2872.980653508045}