{"pretrain_valid_loss":-2320.895050452791,"pretrain_valid_recons":2482.0136733317154}