{"pretrain_valid_loss":-1913.1270713270594,"pretrain_valid_recons":2039.5342058349315}