{"pretrain_valid_loss":-1833.0209580967335,"pretrain_valid_recons":1954.901087791911}