{"pretrain_valid_loss":-2122.7390389379325,"pretrain_valid_recons":2251.812961546236}